id,carrier,method,common_pool,carrier_pool,method_pool
paper_laser,普通纸张,激光打印,dust|mud|oil_stain|water_stain|fingerprint|scratch|abrasion|local_fading|tape|sticker|handwriting|stamp|glue_stain|droplets,paper_tear|paper_yellow_spot|paper_fiber_loss,toner_wear
paper_inkjet,普通纸张,喷墨打印,dust|mud|oil_stain|water_stain|fingerprint|scratch|abrasion|local_fading|tape|sticker|handwriting|stamp|glue_stain|droplets,paper_tear|paper_yellow_spot|paper_fiber_loss,inkjet_water_bleed
paper_offset,普通纸张,胶印,dust|mud|oil_stain|water_stain|fingerprint|scratch|abrasion|local_fading|tape|sticker|handwriting|stamp|glue_stain|droplets,paper_tear|paper_yellow_spot|paper_fiber_loss,offset_ink_scuff
paper_thermal,普通纸张,热敏打印,dust|mud|oil_stain|water_stain|fingerprint|scratch|abrasion|local_fading|tape|sticker|handwriting|stamp|glue_stain|droplets,paper_tear|paper_yellow_spot|paper_fiber_loss,thermal_band_fade
label_thermal,不干胶标签,热敏,dust|mud|oil_stain|water_stain|fingerprint|scratch|abrasion|local_fading|tape|sticker|handwriting|stamp|glue_stain|droplets,label_edge_peel|label_missing_piece|label_adhesive_residue,thermal_band_fade
label_thermal_transfer,不干胶标签,热转印,dust|mud|oil_stain|water_stain|fingerprint|scratch|abrasion|local_fading|tape|sticker|handwriting|stamp|glue_stain|droplets,label_edge_peel|label_missing_piece|label_adhesive_residue,thermal_transfer_flake
label_digital_inkjet,不干胶标签,数码喷墨,dust|mud|oil_stain|water_stain|fingerprint|scratch|abrasion|local_fading|tape|sticker|handwriting|stamp|glue_stain|droplets,label_edge_peel|label_missing_piece|label_adhesive_residue,digital_inkjet_fade
corrugated_flexo,瓦楞纸箱,柔版印刷,dust|mud|oil_stain|water_stain|fingerprint|scratch|abrasion|local_fading|tape|sticker|handwriting|stamp|glue_stain|droplets,corrugated_fiber_scuff|corrugated_puncture|corrugated_soil_embed,flexo_ink_dropout
corrugated_inkjet_code,瓦楞纸箱,喷码,dust|mud|oil_stain|water_stain|fingerprint|scratch|abrasion|local_fading|tape|sticker|handwriting|stamp|glue_stain|droplets,corrugated_fiber_scuff|corrugated_puncture|corrugated_soil_embed,spray_dot_dropout
corrugated_label,瓦楞纸箱,贴标签,dust|mud|oil_stain|water_stain|fingerprint|scratch|abrasion|local_fading|tape|sticker|handwriting|stamp|glue_stain|droplets,corrugated_fiber_scuff|corrugated_puncture|corrugated_soil_embed,thermal_transfer_flake
plastic_pack_gravure,塑料包装,凹版印刷,dust|mud|oil_stain|water_stain|fingerprint|scratch|abrasion|local_fading|tape|sticker|handwriting|stamp|glue_stain|droplets,film_surface_scuff|film_ink_peel|film_condensation,gravure_surface_wear
plastic_pack_flexo,塑料包装,柔版印刷,dust|mud|oil_stain|water_stain|fingerprint|scratch|abrasion|local_fading|tape|sticker|handwriting|stamp|glue_stain|droplets,film_surface_scuff|film_ink_peel|film_condensation,flexo_ink_dropout
plastic_pack_uv_inkjet,塑料包装,UV喷墨,dust|mud|oil_stain|water_stain|fingerprint|scratch|abrasion|local_fading|tape|sticker|handwriting|stamp|glue_stain|droplets,film_surface_scuff|film_ink_peel|film_condensation,uv_ink_chip
plastic_pack_thermal_transfer,塑料包装,热转印,dust|mud|oil_stain|water_stain|fingerprint|scratch|abrasion|local_fading|tape|sticker|handwriting|stamp|glue_stain|droplets,film_surface_scuff|film_ink_peel|film_condensation,thermal_transfer_flake
paperboard_offset,纸盒包装,胶印,dust|mud|oil_stain|water_stain|fingerprint|scratch|abrasion|local_fading|tape|sticker|handwriting|stamp|glue_stain|droplets,carton_edge_scuff|carton_coating_chip,offset_ink_scuff
paperboard_digital,纸盒包装,数码印刷,dust|mud|oil_stain|water_stain|fingerprint|scratch|abrasion|local_fading|tape|sticker|handwriting|stamp|glue_stain|droplets,carton_edge_scuff|carton_coating_chip,digital_print_fade
metal_laser_mark,金属,激光打标,dust|mud|oil_stain|water_stain|fingerprint|scratch|abrasion|local_fading|tape|sticker|handwriting|stamp|glue_stain|droplets,metal_rust|metal_oxidation|metal_pitting,laser_mark_contrast_loss
metal_laser_engrave,金属,激光雕刻,dust|mud|oil_stain|water_stain|fingerprint|scratch|abrasion|local_fading|tape|sticker|handwriting|stamp|glue_stain|droplets,metal_rust|metal_oxidation|metal_pitting,laser_engrave_groove_fill
metal_screen,金属,丝网印刷,dust|mud|oil_stain|water_stain|fingerprint|scratch|abrasion|local_fading|tape|sticker|handwriting|stamp|glue_stain|droplets,metal_rust|metal_oxidation|metal_pitting,screen_ink_crack
metal_uv,金属,UV打印,dust|mud|oil_stain|water_stain|fingerprint|scratch|abrasion|local_fading|tape|sticker|handwriting|stamp|glue_stain|droplets,metal_rust|metal_oxidation|metal_pitting,uv_ink_chip
plastic_shell_laser,塑料外壳,激光打标,dust|mud|oil_stain|water_stain|fingerprint|scratch|abrasion|local_fading|tape|sticker|handwriting|stamp|glue_stain|droplets,plastic_scuff|plastic_grease|plastic_coating_chip,laser_mark_contrast_loss
plastic_shell_pad,塑料外壳,移印,dust|mud|oil_stain|water_stain|fingerprint|scratch|abrasion|local_fading|tape|sticker|handwriting|stamp|glue_stain|droplets,plastic_scuff|plastic_grease|plastic_coating_chip,pad_print_wear
plastic_shell_screen,塑料外壳,丝网印刷,dust|mud|oil_stain|water_stain|fingerprint|scratch|abrasion|local_fading|tape|sticker|handwriting|stamp|glue_stain|droplets,plastic_scuff|plastic_grease|plastic_coating_chip,screen_ink_crack
plastic_shell_label,塑料外壳,标签贴附,dust|mud|oil_stain|water_stain|fingerprint|scratch|abrasion|local_fading|tape|sticker|handwriting|stamp|glue_stain|droplets,plastic_scuff|plastic_grease|plastic_coating_chip,thermal_transfer_flake
glass_screen,玻璃,丝网印刷,dust|mud|oil_stain|water_stain|fingerprint|scratch|abrasion|local_fading|tape|sticker|handwriting|stamp|glue_stain|droplets,glass_scuff|glass_droplets|glass_glue_residue,screen_ink_crack
glass_uv,玻璃,UV打印,dust|mud|oil_stain|water_stain|fingerprint|scratch|abrasion|local_fading|tape|sticker|handwriting|stamp|glue_stain|droplets,glass_scuff|glass_droplets|glass_glue_residue,uv_ink_chip
glass_laser_etch,玻璃,激光蚀刻,dust|mud|oil_stain|water_stain|fingerprint|scratch|abrasion|local_fading|tape|sticker|handwriting|stamp|glue_stain|droplets,glass_scuff|glass_droplets|glass_glue_residue,laser_etch_surface_fill
glass_sticker,玻璃,贴膜/贴纸,dust|mud|oil_stain|water_stain|fingerprint|scratch|abrasion|local_fading|tape|sticker|handwriting|stamp|glue_stain|droplets,glass_scuff|glass_droplets|glass_glue_residue,thermal_transfer_flake
wood_laser_engrave,木材,激光雕刻,dust|mud|oil_stain|water_stain|fingerprint|scratch|abrasion|local_fading|tape|sticker|handwriting|stamp|glue_stain|droplets,wood_surface_wear|wood_char_loss|wood_stain,laser_engrave_groove_fill
wood_laser_burn,木材,激光烧灼,dust|mud|oil_stain|water_stain|fingerprint|scratch|abrasion|local_fading|tape|sticker|handwriting|stamp|glue_stain|droplets,wood_surface_wear|wood_char_loss|wood_stain,laser_burn_char_wear
wood_uv,木材,UV打印,dust|mud|oil_stain|water_stain|fingerprint|scratch|abrasion|local_fading|tape|sticker|handwriting|stamp|glue_stain|droplets,wood_surface_wear|wood_char_loss|wood_stain,uv_ink_chip
wood_screen,木材,丝网印刷,dust|mud|oil_stain|water_stain|fingerprint|scratch|abrasion|local_fading|tape|sticker|handwriting|stamp|glue_stain|droplets,wood_surface_wear|wood_char_loss|wood_stain,screen_ink_crack
textile_screen,纺织物,丝网印刷,dust|mud|oil_stain|water_stain|fingerprint|scratch|abrasion|local_fading|tape|sticker|handwriting|stamp|glue_stain|droplets,fabric_fray|fabric_thread_loss|fabric_hole,screen_ink_crack
textile_heat_transfer,纺织物,热转印,dust|mud|oil_stain|water_stain|fingerprint|scratch|abrasion|local_fading|tape|sticker|handwriting|stamp|glue_stain|droplets,fabric_fray|fabric_thread_loss|fabric_hole,thermal_transfer_flake
textile_direct_inkjet,纺织物,数码直喷,dust|mud|oil_stain|water_stain|fingerprint|scratch|abrasion|local_fading|tape|sticker|handwriting|stamp|glue_stain|droplets,fabric_fray|fabric_thread_loss|fabric_hole,digital_inkjet_fade
textile_jacquard,纺织物,织造/提花,dust|mud|oil_stain|water_stain|fingerprint|scratch|abrasion|local_fading|tape|sticker|handwriting|stamp|glue_stain|droplets,fabric_fray|fabric_thread_loss|fabric_hole,jacquard_thread_dropout
textile_embroidery,纺织物,刺绣,dust|mud|oil_stain|water_stain|fingerprint|scratch|abrasion|local_fading|tape|sticker|handwriting|stamp|glue_stain|droplets,fabric_fray|fabric_thread_loss|fabric_hole,embroidery_stitch_break
ceramic_screen,陶瓷,丝网印刷,dust|mud|oil_stain|water_stain|fingerprint|scratch|abrasion|local_fading|tape|sticker|handwriting|stamp|glue_stain|droplets,ceramic_glaze_chip|ceramic_crack|ceramic_stain,screen_ink_crack
ceramic_heat_transfer,陶瓷,热转印,dust|mud|oil_stain|water_stain|fingerprint|scratch|abrasion|local_fading|tape|sticker|handwriting|stamp|glue_stain|droplets,ceramic_glaze_chip|ceramic_crack|ceramic_stain,thermal_transfer_flake
ceramic_underglaze,陶瓷,釉下彩/烧制,dust|mud|oil_stain|water_stain|fingerprint|scratch|abrasion|local_fading|tape|sticker|handwriting|stamp|glue_stain|droplets,ceramic_glaze_chip|ceramic_crack|ceramic_stain,underglaze_chip
acrylic_uv,亚克力/PVC,UV打印,dust|mud|oil_stain|water_stain|fingerprint|scratch|abrasion|local_fading|tape|sticker|handwriting|stamp|glue_stain|droplets,acrylic_haze|acrylic_scratch|acrylic_glue,uv_ink_chip
acrylic_screen,亚克力/PVC,丝网印刷,dust|mud|oil_stain|water_stain|fingerprint|scratch|abrasion|local_fading|tape|sticker|handwriting|stamp|glue_stain|droplets,acrylic_haze|acrylic_scratch|acrylic_glue,screen_ink_crack
acrylic_laser_engrave,亚克力/PVC,激光雕刻,dust|mud|oil_stain|water_stain|fingerprint|scratch|abrasion|local_fading|tape|sticker|handwriting|stamp|glue_stain|droplets,acrylic_haze|acrylic_scratch|acrylic_glue,laser_engrave_groove_fill
poster_inkjet,广告牌/海报,喷绘,dust|mud|oil_stain|water_stain|fingerprint|scratch|abrasion|local_fading|tape|sticker|handwriting|stamp|glue_stain|droplets,poster_tear|poster_uv_fade|poster_graffiti,digital_inkjet_fade
poster_photo,广告牌/海报,写真,dust|mud|oil_stain|water_stain|fingerprint|scratch|abrasion|local_fading|tape|sticker|handwriting|stamp|glue_stain|droplets,poster_tear|poster_uv_fade|poster_graffiti,photo_surface_scratch
poster_uv_roll,广告牌/海报,UV卷材打印,dust|mud|oil_stain|water_stain|fingerprint|scratch|abrasion|local_fading|tape|sticker|handwriting|stamp|glue_stain|droplets,poster_tear|poster_uv_fade|poster_graffiti,uv_roll_ink_chip
ticket_thermal,票卡,热敏,dust|mud|oil_stain|water_stain|fingerprint|scratch|abrasion|local_fading|tape|sticker|handwriting|stamp|glue_stain|droplets,ticket_crease_wear|ticket_fade|ticket_edge_wear,thermal_band_fade
ticket_thermal_transfer,票卡,热转印,dust|mud|oil_stain|water_stain|fingerprint|scratch|abrasion|local_fading|tape|sticker|handwriting|stamp|glue_stain|droplets,ticket_crease_wear|ticket_fade|ticket_edge_wear,thermal_transfer_flake
ticket_digital,票卡,数码印刷,dust|mud|oil_stain|water_stain|fingerprint|scratch|abrasion|local_fading|tape|sticker|handwriting|stamp|glue_stain|droplets,ticket_crease_wear|ticket_fade|ticket_edge_wear,digital_print_fade
screen_lcd_oled,电子屏幕,LCD/OLED显示,dust|mud|oil_stain|water_stain|fingerprint|scratch|abrasion|local_fading|tape|sticker|handwriting|stamp|glue_stain|droplets,screen_dead_pixels|screen_line_dropout|screen_smudges,display_pixel_dropout
