box_area_stratum,single_box_images,decoder,view,nonempty_returns,return_percent
<1%,15,opencv,full,0,0.0
<1%,15,opencv,crop,0,0.0
<1%,15,zxing,full,1,6.666666666666667
<1%,15,zxing,crop,1,6.666666666666667
1–4%,216,opencv,full,44,20.37037037037037
1–4%,216,opencv,crop,66,30.555555555555557
1–4%,216,zxing,full,128,59.25925925925926
1–4%,216,zxing,crop,129,59.72222222222222
4–12%,283,opencv,full,96,33.92226148409894
4–12%,283,opencv,crop,121,42.75618374558304
4–12%,283,zxing,full,183,64.66431095406361
4–12%,283,zxing,crop,188,66.43109540636043
≥12%,329,opencv,full,135,41.03343465045592
≥12%,329,opencv,crop,133,40.42553191489362
≥12%,329,zxing,full,176,53.495440729483285
≥12%,329,zxing,crop,168,51.06382978723404
