image_id,box_index,box_area_percent
QR-00001,1,9.734
QR-00002,1,88.908565
QR-00004,1,89.094178
QR-00005,1,88.352502
QR-00006,1,61.493056
QR-00007,1,99.461643
QR-00009,1,11.806005
QR-00010,1,14.983177
QR-00011,1,99.461643
QR-00012,1,5.083482999999999
QR-00013,1,21.626978
QR-00014,1,45.557007
QR-00015,1,1.549479
QR-00016,1,24.482328
QR-00017,1,13.058431
QR-00019,1,4.30581
QR-00021,1,29.993557
QR-00022,1,21.727805
QR-00023,1,8.430723
QR-00025,1,1.65375
QR-00026,1,3.654321
QR-00028,1,8.223666999999999
QR-00029,1,21.591041999999998
QR-00030,1,16.087681
QR-00031,1,12.314877000000001
QR-00032,1,1.555743
QR-00033,1,4.794334
QR-00034,1,5.946416
QR-00035,1,10.757189
QR-00036,1,2.134277
QR-00037,1,3.133333
QR-00038,1,12.155745
QR-00039,1,2.655678
QR-00040,1,77.164168
QR-00042,1,27.04
QR-00043,1,10.36541
QR-00044,1,26.082104
QR-00045,1,23.026138
QR-00046,1,42.402298
QR-00047,1,3.547199
QR-00048,1,25.840678
QR-00049,1,1.9192710000000002
QR-00050,1,43.893518
QR-00051,1,1.784303
QR-00052,1,13.390104
QR-00053,1,4.2554620000000005
QR-00054,1,4.353411
QR-00055,1,4.429348
QR-00056,1,30.135416999999997
QR-00057,1,1.8649079999999998
QR-00057,2,3.6409200000000004
QR-00058,1,2.711971
QR-00059,1,2.312795
QR-00060,1,5.002174
QR-00061,1,3.113556
QR-00062,1,6.773356
QR-00063,1,4.160934
QR-00064,1,4.23199
QR-00064,2,1.5883850000000002
QR-00065,1,6.93375
QR-00066,1,5.888075000000001
QR-00067,1,22.674813
QR-00068,1,15.339506
QR-00069,1,1.8076640000000002
QR-00069,2,2.296088
QR-00070,1,5.859479
QR-00072,1,3.4755559999999996
QR-00073,1,1.6973680000000002
QR-00074,1,39.065291
QR-00075,1,53.183486
QR-00076,1,4.506138
QR-00077,1,1.466769
QR-00077,2,0.81984
QR-00078,1,13.531682
QR-00080,1,16.874959
QR-00081,1,5.04125
QR-00082,1,2.0125
QR-00084,1,25.078587000000002
QR-00085,1,9.662577
QR-00087,1,1.9419849999999999
QR-00087,2,2.607634
QR-00087,3,2.20458
QR-00087,4,1.978626
QR-00087,5,1.798982
QR-00088,1,1.037952
QR-00088,2,1.91115
QR-00088,3,1.9452779999999998
QR-00089,1,8.742378
QR-00090,1,23.341529
QR-00091,1,2.38189
QR-00092,1,1.203883
QR-00093,1,13.624666999999999
QR-00094,1,6.391388000000001
QR-00095,1,17.80833
QR-00096,1,2.730721
QR-00097,1,18.684766
QR-00098,1,3.855215
QR-00099,1,7.024983
QR-00101,1,3.9237059999999997
QR-00101,2,4.7535300000000005
QR-00102,1,41.391503
QR-00104,1,0.6487269999999999
QR-00105,1,1.932971
QR-00106,1,7.1834869999999995
QR-00106,2,7.46405
QR-00107,1,5.534483
QR-00108,1,11.645
QR-00109,1,27.828097000000003
QR-00110,1,53.764087
QR-00112,1,13.05791
QR-00113,1,9.106557
QR-00114,1,2.541353
QR-00115,1,18.854893
QR-00116,1,14.286614
QR-00117,1,92.54440000000001
QR-00118,1,87.510848
QR-00119,1,76.664143
QR-00120,1,27.152022999999996
QR-00121,1,2.229685
QR-00122,1,11.269782000000001
QR-00123,1,4.742342
QR-00124,1,17.038297999999998
QR-00125,1,3.3301860000000003
QR-00127,1,7.725344000000001
QR-00128,1,10.548523
QR-00130,1,12.924009
QR-00131,1,1.389801
QR-00131,2,1.271404
QR-00131,3,1.05636
QR-00132,1,11.237947
QR-00134,1,52.55681800000001
QR-00135,1,3.1292519999999997
QR-00137,1,2.408854
QR-00138,1,71.255711
QR-00140,1,10.915986
QR-00141,1,8.340795
QR-00142,1,14.99662
QR-00143,1,5.306617999999999
QR-00145,1,77.508651
QR-00146,1,9.613579999999999
QR-00147,1,2.905104
QR-00147,2,2.905104
QR-00147,3,2.465313
QR-00149,1,1.024359
QR-00149,2,6.177350000000001
QR-00150,1,34.311362
QR-00151,1,9.606705
QR-00152,1,3.5179080000000003
QR-00153,1,6.812
QR-00154,1,2.1504
QR-00154,2,2.1839999999999997
QR-00154,3,2.1504
QR-00155,1,39.313352
QR-00156,1,91.174497
QR-00157,1,36.135266
QR-00157,2,35.900621
QR-00158,1,44.880074
QR-00159,1,2.723571
QR-00159,2,3.600536
QR-00159,3,1.272321
QR-00159,4,2.009286
QR-00159,5,5.1175
QR-00160,1,7.3247670000000005
QR-00161,1,0.9394919999999999
QR-00162,1,3.2716170000000004
QR-00163,1,2.086227
QR-00164,1,2.272646
QR-00165,1,1.7517749999999999
QR-00167,1,1.685236
QR-00167,2,1.296196
QR-00168,1,1.2355150000000001
QR-00169,1,3.2958179999999997
QR-00170,1,4.38091
QR-00171,1,11.418080999999999
QR-00172,1,1.900915
QR-00173,1,5.040509
QR-00174,1,3.6821970000000004
QR-00175,1,3.0
QR-00175,2,3.0
QR-00176,1,5.200608
QR-00177,1,10.204502999999999
QR-00178,1,1.3702239999999999
QR-00178,2,4.263944
QR-00179,1,2.691406
QR-00180,1,11.730599999999999
QR-00181,1,10.005205
QR-00182,1,2.541353
QR-00183,1,0.785714
QR-00184,1,7.949074
QR-00185,1,8.106481
QR-00186,1,13.031488
QR-00187,1,7.334877
QR-00188,1,4.813125
QR-00188,2,6.091875
QR-00189,1,9.533827
QR-00190,1,55.737187
QR-00191,1,4.628049
QR-00192,1,6.992857
QR-00193,1,4.5386679999999995
QR-00194,1,10.580727
QR-00195,1,1.058824
QR-00196,1,12.098765
QR-00197,1,18.814991
QR-00198,1,19.092701
QR-00199,1,20.64242
QR-00200,1,20.538165
QR-00201,1,22.620345
QR-00202,1,8.058804
QR-00204,1,44.339305
QR-00205,1,37.181067
QR-00206,1,30.730839
QR-00207,1,12.797144
QR-00208,1,12.688999
QR-00209,1,11.2723
QR-00210,1,11.040582
QR-00211,1,47.207108
QR-00212,1,13.155031000000001
QR-00213,1,13.112867999999999
QR-00214,1,36.827385
QR-00215,1,19.876776
QR-00216,1,32.437799
QR-00217,1,31.3235
QR-00218,1,28.084958999999998
QR-00219,1,15.438565
QR-00220,1,10.732977
QR-00221,1,8.78187
QR-00222,1,3.896386
QR-00223,1,44.271373000000004
QR-00224,1,4.382284
QR-00225,1,2.605169
QR-00226,1,3.194444
QR-00227,1,11.460372000000001
QR-00228,1,0.45519899999999996
QR-00228,2,0.48096500000000003
QR-00228,3,0.43802199999999997
QR-00228,4,0.40557600000000005
QR-00228,5,0.42991
QR-00228,6,0.421799
QR-00228,7,0.45488100000000004
QR-00228,8,0.389671
QR-00228,9,0.463788
QR-00228,10,0.389671
QR-00228,11,0.42991
QR-00228,12,0.374084
QR-00228,13,0.397464
QR-00228,14,0.389671
QR-00228,15,0.397623
QR-00228,16,0.389353
QR-00228,17,0.381877
QR-00228,18,0.397464
QR-00228,19,0.397623
QR-00228,20,0.42991
QR-00228,21,0.421799
QR-00228,22,0.397464
QR-00228,23,0.44676899999999997
QR-00228,24,0.43834
QR-00228,25,0.43834
QR-00228,26,0.41305100000000006
QR-00228,27,0.389353
QR-00228,28,0.43834
QR-00228,29,0.45519899999999996
QR-00228,30,0.389671
QR-00228,31,0.41305100000000006
QR-00228,32,0.40557600000000005
QR-00228,33,0.41305100000000006
QR-00228,34,0.397464
QR-00228,35,0.389671
QR-00228,36,0.397464
QR-00228,37,0.42148100000000005
QR-00228,38,0.40557600000000005
QR-00228,39,0.381877
QR-00228,40,0.44660999999999995
QR-00228,41,0.381718
QR-00228,42,0.389671
QR-00228,43,0.381877
QR-00228,44,0.381877
QR-00229,1,11.098765
QR-00230,1,7.616648
QR-00231,1,13.764000000000001
QR-00232,1,10.734367
QR-00233,1,35.0501
QR-00234,1,5.858036
QR-00235,1,3.3055269999999997
QR-00236,1,9.399119
QR-00237,1,8.684317
QR-00238,1,4.4459930000000005
QR-00239,1,46.598372999999995
QR-00240,1,7.208405
QR-00241,1,7.135292
QR-00242,1,2.044466
QR-00243,1,1.981605
QR-00244,1,19.91375
QR-00245,1,22.701773
QR-00246,1,1.3088199999999999
QR-00247,1,10.067834000000001
QR-00248,1,4.3465370000000005
QR-00249,1,3.8543420000000004
QR-00250,1,2.707292
QR-00250,2,3.8533329999999997
QR-00251,1,45.628800000000005
QR-00252,1,14.351137
QR-00253,1,85.59892099999999
QR-00254,1,2.9491940000000003
QR-00255,1,2.2183100000000002
QR-00256,1,9.473912
QR-00257,1,11.221875
QR-00258,1,15.081522
QR-00259,1,16.30125
QR-00260,1,3.337802
QR-00261,1,5.38878
QR-00262,1,44.402353
QR-00263,1,1.392145
QR-00264,1,3.386884
QR-00264,2,3.4988390000000003
QR-00264,3,3.114732
QR-00265,1,3.20412
QR-00265,2,3.483146
QR-00266,1,7.419922
QR-00267,1,33.98972
QR-00268,1,2.655856
QR-00269,1,47.839999999999996
QR-00270,1,3.021569
QR-00271,1,3.346129
QR-00272,1,5.608092
QR-00273,1,2.016867
QR-00274,1,64.50093700000001
QR-00275,1,3.458333
QR-00275,2,3.582353
QR-00277,1,4.614999999999999
QR-00277,2,4.363333
QR-00278,1,2.558635
QR-00279,1,4.3783780000000005
QR-00280,1,14.779887
QR-00281,1,4.482196
QR-00282,1,4.00125
QR-00282,2,3.300417
QR-00282,3,4.770417
QR-00283,1,3.975
QR-00284,1,3.420053
QR-00285,1,32.796482
QR-00286,1,7.150417000000001
QR-00287,1,12.1075
QR-00288,1,0.855625
QR-00289,1,18.446629
QR-00291,1,7.105263000000001
QR-00292,1,1.03809
QR-00293,1,10.910088
QR-00295,1,1.49231
QR-00296,1,2.309038
QR-00296,2,1.026239
QR-00297,1,7.9311110000000005
QR-00298,1,1.121966
QR-00299,1,14.233333
QR-00300,1,9.819202
QR-00301,1,30.154382000000002
QR-00302,1,26.496104
QR-00303,1,5.408798
QR-00305,1,15.709696000000001
QR-00306,1,2.752583
QR-00306,2,2.790289
QR-00306,3,2.677686
QR-00307,1,15.461875
QR-00307,2,8.254999999999999
QR-00307,3,7.751875
QR-00308,1,3.038043
QR-00309,1,3.66757
QR-00310,1,1.8991419999999999
QR-00311,1,4.714556
QR-00312,1,23.053333000000002
QR-00312,2,11.840741000000001
QR-00314,1,3.740625
QR-00315,1,7.5727269999999995
QR-00316,1,3.14763
QR-00317,1,7.889438
QR-00318,1,4.855556
QR-00319,1,10.679875
QR-00320,1,7.270427
QR-00321,1,31.5375
QR-00321,2,31.71875
QR-00322,1,6.044314
QR-00323,1,1.931132
QR-00324,1,96.83161799999999
QR-00325,1,81.754058
QR-00326,1,92.652682
QR-00327,1,2.059859
QR-00328,1,20.14151
QR-00329,1,1.399657
QR-00330,1,6.5465469999999994
QR-00331,1,4.765625
QR-00332,1,47.012668000000005
QR-00333,1,37.661145000000005
QR-00334,1,24.382609
QR-00334,2,13.238816
QR-00335,1,39.689632
QR-00336,1,31.346939000000003
QR-00337,1,1.4963499999999998
QR-00338,1,32.048236
QR-00339,1,37.455076
QR-00340,1,5.02651
QR-00341,1,48.419777
QR-00341,2,48.419777
QR-00342,1,48.244976
QR-00342,2,48.771930000000005
QR-00343,1,3.605929
QR-00344,1,5.384193000000001
QR-00345,1,19.531845
QR-00346,1,4.0825
QR-00347,1,4.144253
QR-00348,1,19.485531
QR-00349,1,12.572411
QR-00350,1,16.601119
QR-00351,1,1.516667
QR-00352,1,8.294822
QR-00353,1,79.082449
QR-00354,1,6.048676
QR-00354,2,5.581098
QR-00355,1,64.50182
QR-00356,1,3.4537579999999997
QR-00357,1,4.380135
QR-00357,2,3.300226
QR-00358,1,7.165679
QR-00359,1,19.876736
QR-00361,1,1.022445
QR-00362,1,1.327582
QR-00363,1,0.814857
QR-00364,1,3.6776830000000005
QR-00365,1,88.778409
QR-00366,1,52.23683
QR-00367,1,31.07125
QR-00368,1,82.128906
QR-00369,1,16.94905
QR-00369,2,48.841775
QR-00370,1,7.782902
QR-00371,1,1.853173
QR-00372,1,3.1066949999999998
QR-00372,2,3.2505230000000003
QR-00372,3,2.966004
QR-00373,1,2.14907
QR-00374,1,2.329451
QR-00375,1,5.628286
QR-00376,1,1.6655550000000001
QR-00376,2,1.685114
QR-00377,1,0.9244030000000001
QR-00378,1,11.96351
QR-00379,1,6.821232000000001
QR-00379,2,2.1981580000000003
QR-00380,1,7.004309999999999
QR-00381,1,99.8001
QR-00382,1,93.007434
QR-00383,1,93.626932
QR-00384,1,3.901507
QR-00384,2,4.612766
QR-00385,1,2.044095
QR-00385,2,0.41063799999999995
QR-00386,1,4.293867
QR-00387,1,4.079369
QR-00388,1,7.218044999999999
QR-00388,2,4.172932
QR-00389,1,5.073052000000001
QR-00390,1,5.412037
QR-00391,1,7.217288
QR-00391,2,7.334166000000001
QR-00392,1,8.954815
QR-00393,1,4.426647
QR-00394,1,9.346619
QR-00395,1,79.243368
QR-00396,1,4.237288
QR-00396,2,4.069303
QR-00397,1,3.059723
QR-00398,1,7.6735109999999995
QR-00399,1,78.895809
QR-00400,1,17.151074
QR-00401,1,5.091103
QR-00402,1,46.787037
QR-00403,1,41.689434
QR-00405,1,2.013267
QR-00406,1,7.261027
QR-00407,1,9.729659999999999
QR-00408,1,21.342944
QR-00409,1,12.928326000000002
QR-00410,1,2.1872450000000003
QR-00412,1,7.793333
QR-00413,1,10.487986000000001
QR-00414,1,2.0404169999999997
QR-00415,1,2.9541020000000002
QR-00416,1,41.450704
QR-00417,1,78.546713
QR-00418,1,17.350616
QR-00419,1,8.088889
QR-00420,1,26.380406
QR-00421,1,15.817943000000001
QR-00421,2,8.748533
QR-00421,3,8.106910000000001
QR-00422,1,2.7105979999999996
QR-00423,1,6.5694669999999995
QR-00424,1,4.207921
QR-00424,2,4.790062
QR-00425,1,11.466867
QR-00426,1,19.066535000000002
QR-00427,1,1.823602
QR-00428,1,1.823602
QR-00429,1,5.138973
QR-00430,1,2.191148
QR-00431,1,2.234112
QR-00433,1,2.905414
QR-00434,1,11.945392
QR-00435,1,1.516727
QR-00436,1,7.202867
QR-00436,2,7.801864
QR-00437,1,3.939394
QR-00438,1,2.9572770000000004
QR-00439,1,13.843269999999999
QR-00441,1,52.588235000000005
QR-00442,1,46.479489
QR-00444,1,21.74664
QR-00445,1,14.341736
QR-00445,2,3.816605
QR-00446,1,9.67394
QR-00447,1,5.611598
QR-00448,1,2.8194150000000002
QR-00449,1,2.590674
QR-00449,2,1.1674220000000002
QR-00450,1,38.85536
QR-00450,2,38.855702
QR-00451,1,12.787146
QR-00452,1,2.327111
QR-00453,1,3.9158850000000003
QR-00454,1,16.264802
QR-00455,1,4.108155
QR-00456,1,3.420898
QR-00457,1,1.6937730000000002
QR-00458,1,3.005217
QR-00459,1,7.784325
QR-00460,1,16.216216
QR-00461,1,19.666304
QR-00462,1,0.9530689999999999
QR-00463,1,6.918419000000001
QR-00464,1,1.8260869999999998
QR-00465,1,7.764706
QR-00466,1,12.821954
QR-00467,1,9.8596
QR-00468,1,9.3632
QR-00469,1,5.586854
QR-00470,1,6.482061
QR-00471,1,2.116267
QR-00471,2,2.149333
QR-00472,1,1.8455659999999998
QR-00473,1,3.6175270000000004
QR-00474,1,1.822222
QR-00475,1,1.0467250000000001
QR-00475,2,0.763136
QR-00476,1,0.8612979999999999
QR-00477,1,19.178796000000002
QR-00478,1,1.71521
QR-00478,2,1.715799
QR-00478,3,1.4416
QR-00479,1,83.255631
QR-00480,1,1.7567039999999998
QR-00481,1,35.936848999999995
QR-00482,1,4.56296
QR-00484,1,3.458295
QR-00485,1,2.995813
QR-00485,2,2.845533
QR-00486,1,18.108887000000003
QR-00487,1,10.410556999999999
QR-00488,1,15.885246
QR-00489,1,12.9744
QR-00490,1,19.355491
QR-00491,1,23.082708
QR-00492,1,1.0475919999999999
QR-00492,2,0.795467
QR-00492,3,1.2770540000000001
QR-00492,4,0.952408
QR-00493,1,4.729134
QR-00494,1,7.620829
QR-00495,1,10.326172
QR-00496,1,35.361852
QR-00497,1,4.124423
QR-00498,1,9.524217
QR-00498,2,9.680711
QR-00499,1,6.4227229999999995
QR-00500,1,5.249103
QR-00501,1,6.4166669999999995
QR-00501,2,0.6819999999999999
QR-00502,1,25.950226999999998
QR-00504,1,4.5625789999999995
QR-00505,1,3.153483
QR-00506,1,7.2734499999999995
QR-00507,1,0.64466
QR-00507,2,0.675728
QR-00507,3,1.340388
QR-00508,1,5.185393
QR-00510,1,1.25
QR-00511,1,72.4275
QR-00512,1,31.22
QR-00513,1,10.926829
QR-00514,1,2.7225
QR-00515,1,5.7575
QR-00516,1,20.09778
QR-00517,1,5.800000000000001
QR-00518,1,89.775
QR-00519,1,20.370369999999998
QR-00520,1,1.3047680000000001
QR-00521,1,5.778523
QR-00522,1,34.93097
QR-00523,1,7.908638
QR-00524,1,4.661268
QR-00525,1,8.25
QR-00526,1,52.150376
QR-00527,1,42.923404
QR-00528,1,7.338749999999999
QR-00529,1,1.5618750000000001
QR-00529,2,1.44
QR-00529,3,1.1556250000000001
QR-00530,1,94.202247
QR-00531,1,28.08
QR-00532,1,27.422078
QR-00533,1,88.125
QR-00534,1,6.180556
QR-00535,1,30.052543999999997
QR-00536,1,1.083119
QR-00537,1,15.673214
QR-00538,1,6.111607
QR-00539,1,3.8025
QR-00540,1,7.088954
QR-00541,1,14.110169
QR-00542,1,87.660729
QR-00543,1,3.9725089999999996
QR-00544,1,1.21875
QR-00544,2,1.55125
QR-00545,1,6.1407940000000005
QR-00546,1,99.619092
QR-00547,1,79.545616
QR-00548,1,2.206061
QR-00548,2,0.922727
QR-00549,1,5.684713
QR-00550,1,26.718045
QR-00551,1,11.955056
QR-00551,2,4.393257999999999
QR-00552,1,12.192426000000001
QR-00553,1,57.039063
QR-00554,1,20.81422
QR-00556,1,28.622500000000002
QR-00557,1,0.855
QR-00558,1,5.8876930000000005
QR-00558,2,20.410418999999997
QR-00559,1,4.9375
QR-00559,2,4.9375
QR-00559,3,4.876543
QR-00559,4,5.0
QR-00560,1,22.410192000000002
QR-00561,1,29.385965
QR-00562,1,1.332474
QR-00563,1,1.755
QR-00564,1,18.061875
QR-00565,1,2.385338
QR-00566,1,3.3527080000000002
QR-00567,1,29.6625
QR-00568,1,30.475680999999998
QR-00569,1,21.887967
QR-00570,1,8.268349
QR-00571,1,6.153846000000001
QR-00571,2,6.4437869999999995
QR-00572,1,45.90708
QR-00573,1,10.979830999999999
QR-00574,1,26.45509
QR-00575,1,95.928137
QR-00576,1,20.565282
QR-00577,1,24.384375
QR-00578,1,1.421674
QR-00579,1,20.083819
QR-00580,1,10.821237
QR-00580,2,16.564516
QR-00581,1,7.127273000000001
QR-00582,1,16.289362
QR-00583,1,16.085106
QR-00584,1,4.088151
QR-00585,1,2.875
QR-00585,2,45.019947
QR-00586,1,46.289362
QR-00587,1,5.9147
QR-00590,1,15.998256999999999
QR-00592,1,17.184783
QR-00593,1,16.81
QR-00594,1,17.11875
QR-00595,1,6.224138
QR-00596,1,1.556075
QR-00597,1,20.90014
QR-00598,1,4.679666
QR-00598,2,4.291086
QR-00599,1,6.349831999999999
QR-00599,2,8.305369
QR-00601,1,11.800832999999999
QR-00602,1,2.224265
QR-00602,2,1.985294
QR-00603,1,38.338983
QR-00603,2,38.045198
QR-00604,1,26.969911000000003
QR-00605,1,28.207619
QR-00606,1,9.328358
QR-00607,1,2.2011719999999997
QR-00608,1,3.5174999999999996
QR-00609,1,23.471591
QR-00610,1,28.349999999999998
QR-00611,1,31.838182
QR-00612,1,24.887500000000003
QR-00613,1,13.76
QR-00614,1,5.8187500000000005
QR-00615,1,34.014085
QR-00616,1,47.731707
QR-00617,1,7.8684210000000006
QR-00617,2,7.611842
QR-00618,1,82.984419
QR-00619,1,7.375
QR-00620,1,11.342188
QR-00621,1,18.595745
QR-00622,1,48.51125
QR-00623,1,1.852902
QR-00623,2,0.808047
QR-00624,1,19.8
QR-00625,1,19.564321
QR-00626,1,4.671279999999999
QR-00627,1,6.142717
QR-00627,2,5.590551
QR-00628,1,81.642857
QR-00629,1,6.698278
QR-00629,2,6.410195000000001
QR-00629,3,3.5419069999999997
QR-00630,1,26.688371999999998
QR-00631,1,26.595807999999998
QR-00632,1,2.436975
QR-00633,1,3.661972
QR-00634,1,19.666667
QR-00635,1,21.04125
QR-00636,1,5.061875
QR-00637,1,26.977444000000002
QR-00638,1,4.503745
QR-00639,1,30.397698000000002
QR-00640,1,65.25
QR-00641,1,13.888325000000002
QR-00642,1,18.45
QR-00643,1,31.652912999999998
QR-00644,1,6.516564
QR-00646,1,12.537825
QR-00648,1,2.184243
QR-00650,1,1.0087169999999999
QR-00650,2,0.941469
QR-00650,3,1.031133
QR-00651,1,1.422222
QR-00652,1,1.3472069999999998
QR-00652,2,1.381526
QR-00652,3,1.511501
QR-00653,1,0.530041
QR-00653,2,0.754239
QR-00653,3,0.514733
QR-00653,4,0.417778
QR-00654,1,2.75
QR-00655,1,2.06693
QR-00656,1,3.119968
QR-00657,1,1.144423
QR-00657,2,1.170159
QR-00657,3,0.992576
QR-00657,4,1.094379
QR-00657,5,1.0423339999999999
QR-00657,6,0.903642
QR-00657,7,1.14528
QR-00657,8,0.984426
QR-00657,9,0.9468219999999999
QR-00657,10,0.9468219999999999
QR-00657,11,0.99658
QR-00657,12,0.99658
QR-00657,13,0.9493959999999999
QR-00657,14,0.9033559999999999
QR-00657,15,0.903642
QR-00658,1,0.930736
QR-00659,1,1.966724
QR-00660,1,2.722143
QR-00661,1,1.094401
QR-00662,1,6.116737
QR-00663,1,10.986537
QR-00663,2,11.290177
QR-00664,1,2.48834
QR-00665,1,1.601649
QR-00665,2,1.625554
QR-00665,3,1.649113
QR-00665,4,1.554878
QR-00665,5,1.625554
QR-00665,6,1.625554
QR-00665,7,1.555225
QR-00665,8,1.554878
QR-00665,9,1.532012
QR-00665,10,1.553839
QR-00665,11,1.601649
QR-00665,12,1.625554
QR-00666,1,4.469866
QR-00666,2,4.3684590000000005
QR-00667,1,2.83787
QR-00667,2,5.11432
QR-00668,1,7.953195
QR-00669,1,5.365782
QR-00670,1,4.9838130000000005
QR-00671,1,84.77035699999999
QR-00672,1,6.983818
QR-00673,1,10.47486
QR-00674,1,11.07994
QR-00675,1,1.598702
QR-00675,2,1.505874
QR-00675,3,1.2713109999999999
QR-00676,1,11.745455
QR-00676,2,3.579545
QR-00677,1,6.350016999999999
QR-00678,1,4.808933
QR-00679,1,38.1977
QR-00680,1,4.754673
QR-00680,2,1.9906540000000001
QR-00680,3,1.5700929999999997
QR-00681,1,0.5752430000000001
QR-00681,2,0.621262
QR-00681,3,1.397961
QR-00682,1,11.649474
QR-00683,1,12.001931
QR-00684,1,93.31823700000001
QR-00685,1,1.033333
QR-00685,2,1.671429
QR-00686,1,1.913383
QR-00686,2,1.3945880000000002
QR-00687,1,0.560388
QR-00687,2,0.5606800000000001
QR-00687,3,1.239709
QR-00688,1,9.432039
QR-00689,1,29.163193999999997
QR-00690,1,8.525917
QR-00691,1,5.3555779999999995
QR-00692,1,0.5315529999999999
QR-00692,2,0.510291
QR-00692,3,1.217767
QR-00692,4,0.359709
QR-00692,5,0.325049
QR-00692,6,0.821359
QR-00693,1,8.822757000000001
QR-00693,2,8.946389
QR-00694,1,5.891159
QR-00695,1,3.3229170000000003
QR-00696,1,20.706305999999998
QR-00697,1,11.559722
QR-00698,1,97.686437
QR-00699,1,0.9990290000000001
QR-00699,2,1.01
QR-00699,3,2.3618449999999998
QR-00700,1,10.02117
QR-00701,1,2.612213
QR-00701,2,2.576527
QR-00702,1,2.5831880000000003
QR-00702,2,2.551784
QR-00703,1,0.830097
QR-00703,2,0.866796
QR-00703,3,1.9990290000000002
QR-00704,1,1.686741
QR-00705,1,1.131232
QR-00705,2,1.807177
QR-00706,1,2.883361
QR-00706,2,2.217391
QR-00707,1,1.489504
QR-00708,1,2.140625
QR-00708,2,1.811821
QR-00709,1,2.641079
QR-00709,2,2.55797
QR-00710,1,0.702959
QR-00710,2,0.702959
QR-00710,3,0.677396
QR-00710,4,0.652308
QR-00711,1,2.578111
QR-00712,1,99.658994
QR-00713,1,2.1096009999999996
QR-00713,2,1.6304349999999999
QR-00714,1,2.564744
QR-00715,1,0.69301
QR-00715,2,0.644854
QR-00715,3,1.7173790000000002
QR-00716,1,2.1876130000000003
QR-00716,2,1.699049
QR-00717,1,4.442484
QR-00717,2,2.153797
QR-00718,1,2.56
QR-00719,1,1.334362
QR-00719,2,0.671702
QR-00719,3,1.370213
QR-00720,1,1.6957259999999998
QR-00721,1,1.71504
QR-00722,1,5.64544
QR-00723,1,3.155284
QR-00724,1,2.836265
QR-00725,1,3.257739
QR-00726,1,0.458852
QR-00726,2,0.5264880000000001
QR-00727,1,1.251419
QR-00728,1,2.359024
QR-00729,1,1.968096
QR-00730,1,2.132581
QR-00731,1,25.180040999999996
QR-00732,1,2.601252
QR-00733,1,2.083615
QR-00734,1,3.554458
QR-00735,1,2.754953
QR-00736,1,1.136082
QR-00737,1,2.07124
QR-00737,2,0.914688
QR-00738,1,1.534672
QR-00738,2,0.630921
QR-00739,1,1.580948
QR-00739,2,0.46581599999999995
QR-00740,1,1.351748
QR-00741,1,0.89
QR-00742,1,11.8678
QR-00743,1,0.6768930000000001
QR-00743,2,0.701068
QR-00743,3,1.590291
QR-00744,1,0.6768930000000001
QR-00744,2,0.644854
QR-00744,3,1.627573
QR-00745,1,2.844777
QR-00746,1,13.100570000000001
QR-00747,1,9.249442
QR-00748,1,0.8762139999999999
QR-00748,2,0.913495
QR-00748,3,2.140971
QR-00749,1,4.162119000000001
QR-00750,1,6.72
QR-00751,1,3.634159
QR-00752,1,0.64466
QR-00752,2,0.621262
QR-00752,3,1.540971
QR-00753,1,3.8002979999999997
QR-00754,1,1.0897189999999999
QR-00754,2,1.664403
QR-00755,1,30.395498
QR-00756,1,0.6768930000000001
QR-00756,2,0.6058250000000001
QR-00756,3,1.444951
QR-00757,1,4.711913999999999
QR-00758,1,5.514316
QR-00758,2,7.01137
QR-00759,1,1.516214
QR-00760,1,3.447103
QR-00761,1,2.615385
QR-00762,1,1.912784
QR-00763,1,4.208266
QR-00764,1,4.436112
QR-00765,1,1.47655
QR-00765,2,1.6016920000000001
QR-00766,1,4.622283
QR-00767,1,2.0883659999999997
QR-00768,1,5.639368
QR-00768,2,5.487298
QR-00769,1,0.42772
QR-00769,2,1.26925
QR-00769,3,1.286637
QR-00769,4,3.9120719999999998
QR-00769,5,2.686538
QR-00769,6,4.902633
QR-00769,7,0.537009
QR-00769,8,0.469449
QR-00769,9,0.608544
QR-00770,1,1.6344790000000002
QR-00771,1,1.842125
QR-00772,1,2.1071429999999998
QR-00772,2,2.107769
QR-00772,3,1.6936090000000001
QR-00773,1,4.614826000000001
QR-00774,1,12.794497
QR-00775,1,7.407407000000001
QR-00776,1,16.05595
QR-00776,2,48.489624
QR-00777,1,1.9906199999999998
QR-00778,1,3.216994
QR-00779,1,32.607407
QR-00780,1,13.958333
QR-00781,1,41.215936
QR-00782,1,7.4276800000000005
QR-00782,2,4.9542139999999995
QR-00783,1,3.2737839999999996
QR-00783,2,3.3802480000000004
QR-00783,3,3.802163
QR-00783,4,3.8095570000000003
QR-00784,1,6.278246
QR-00785,1,2.9320720000000002
QR-00785,2,2.930211
QR-00786,1,20.80125
QR-00787,1,34.419224
QR-00788,1,5.3724
QR-00789,1,1.989531
QR-00789,2,3.4750000000000005
QR-00789,3,2.012813
QR-00789,4,3.4409370000000004
QR-00790,1,3.3450670000000002
QR-00791,1,13.703002999999999
QR-00792,1,23.894465
QR-00793,1,45.59286
QR-00794,1,4.328565
QR-00794,2,4.308617
QR-00795,1,46.038278999999996
QR-00796,1,78.507301
QR-00797,1,31.15
QR-00798,1,39.479506
QR-00799,1,3.279425
QR-00800,1,12.57693
QR-00801,1,14.420863
QR-00802,1,23.569867
QR-00803,1,80.0
QR-00804,1,9.268642
QR-00805,1,1.469531
QR-00805,2,1.3640619999999999
QR-00805,3,1.38
QR-00805,4,1.5004689999999998
QR-00805,5,1.350781
QR-00805,6,1.2862500000000001
QR-00805,7,1.515937
QR-00806,1,4.335325
QR-00807,1,63.946667000000005
QR-00808,1,47.572462
QR-00809,1,4.992471
QR-00810,1,3.935714
QR-00811,1,5.473398
QR-00811,2,3.1231229999999996
QR-00812,1,3.1755190000000004
QR-00812,2,1.694139
QR-00813,1,4.93829
QR-00813,2,5.183643
QR-00813,3,5.060223
QR-00814,1,2.397306
QR-00815,1,4.493285
QR-00816,1,3.795482
QR-00817,1,11.575410999999999
QR-00818,1,2.855751
QR-00819,1,2.476512
QR-00819,2,2.4523759999999997
QR-00820,1,7.180536
QR-00821,1,7.2734060000000005
QR-00822,1,4.682599
QR-00823,1,7.616605999999999
QR-00824,1,4.9207149999999995
QR-00824,2,4.8436960000000004
QR-00825,1,2.290039
QR-00825,2,1.0521179999999999
QR-00826,1,86.439791
QR-00827,1,13.329600999999998
QR-00828,1,5.194789
QR-00829,1,4.737024
QR-00830,1,8.431532
QR-00831,1,2.9701869999999997
QR-00832,1,3.038003
QR-00832,2,3.577462
QR-00832,3,3.6030149999999996
QR-00832,4,3.5849150000000005
QR-00832,5,3.8649370000000003
QR-00832,6,4.170866
QR-00832,7,1.75324
QR-00832,8,1.7802129999999998
QR-00832,9,2.6121149999999997
QR-00833,1,2.340471
QR-00833,2,3.746025
QR-00834,1,27.359772
QR-00835,1,18.490000000000002
QR-00836,1,0.752811
QR-00836,2,0.477509
QR-00836,3,0.642301
QR-00836,4,0.551471
QR-00836,5,0.437716
QR-00836,6,0.752811
QR-00836,7,0.35467099999999996
QR-00836,8,0.35467099999999996
QR-00836,9,0.457612
QR-00837,1,0.6764479999999999
QR-00837,2,0.715959
QR-00838,1,9.539394
QR-00839,1,3.5440329999999998
QR-00840,1,15.467028999999998
QR-00841,1,13.664883999999999
QR-00842,1,2.263545
QR-00843,1,3.6804200000000002
QR-00844,1,6.013605
QR-00845,1,1.337947
QR-00845,2,1.3610149999999999
QR-00845,3,2.309112
QR-00845,4,1.9926949999999999
QR-00845,5,2.076894
QR-00845,6,1.8835060000000001
QR-00845,7,1.5997689999999998
QR-00845,8,1.587851
QR-00845,9,1.856209
QR-00845,10,2.076894
QR-00846,1,48.823125
QR-00847,1,6.166353
QR-00847,2,2.75188
QR-00848,1,3.000862
QR-00849,1,1.283276
QR-00849,2,1.537543
QR-00850,1,2.667778
QR-00851,1,12.000289
QR-00852,1,14.475098000000001
QR-00853,1,6.710744
QR-00854,1,2.017067
QR-00855,1,22.0
QR-00856,1,1.2934400000000001
QR-00857,1,2.601109
QR-00857,2,2.562669
QR-00857,3,2.760693
QR-00857,4,2.975414
QR-00858,1,15.503858000000001
QR-00859,1,3.924375
QR-00860,1,1.968783
QR-00860,2,1.924037
QR-00861,1,29.597517
QR-00861,2,3.8667939999999996
QR-00862,1,1.744167
QR-00863,1,7.805779
QR-00863,2,1.8166870000000002
QR-00864,1,0.589623
QR-00864,2,0.5660379999999999
QR-00864,3,0.5778300000000001
QR-00864,4,0.520991
QR-00864,5,0.554717
QR-00864,6,0.566274
QR-00864,7,0.5778300000000001
QR-00864,8,0.543396
QR-00864,9,0.5660379999999999
QR-00864,10,0.5778300000000001
QR-00864,11,0.5778300000000001
QR-00864,12,0.554717
QR-00864,13,0.566274
QR-00864,14,0.5660379999999999
QR-00864,15,0.554717
QR-00864,16,0.543396
QR-00864,17,0.566274
QR-00864,18,0.543396
QR-00864,19,0.532075
QR-00864,20,0.520991
QR-00864,21,0.566274
QR-00864,22,0.5778300000000001
QR-00864,23,0.5778300000000001
QR-00864,24,0.566274
QR-00864,25,0.543396
QR-00864,26,0.554717
QR-00864,27,0.566274
QR-00864,28,0.543396
QR-00864,29,0.5660379999999999
QR-00864,30,0.5660379999999999
QR-00864,31,0.566274
QR-00864,32,0.566274
QR-00864,33,0.543396
QR-00864,34,0.566274
QR-00864,35,0.532075
QR-00864,36,0.532075
QR-00864,37,0.543396
QR-00864,38,0.554717
QR-00864,39,0.543396
QR-00864,40,0.566274
QR-00864,41,0.543396
QR-00864,42,0.566274
QR-00864,43,0.543396
QR-00864,44,0.520991
QR-00864,45,0.554717
QR-00864,46,0.601415
QR-00864,47,0.554717
QR-00864,48,0.520755
QR-00864,49,0.54316
QR-00864,50,0.532075
QR-00864,51,0.566274
QR-00864,52,0.5660379999999999
QR-00864,53,0.5778300000000001
QR-00864,54,0.589387
QR-00865,1,1.7721669999999998
QR-00865,2,2.449324
QR-00866,1,11.333333
QR-00867,1,4.8992510000000005
QR-00867,2,7.597753
QR-00868,1,4.537815
QR-00870,1,6.230088
QR-00871,1,3.931131
QR-00872,1,1.5003900000000001
QR-00873,1,15.918367
QR-00874,1,6.324111
QR-00875,1,4.486085
QR-00875,2,4.8343490000000005
QR-00875,3,2.976941
QR-00876,1,3.009197
QR-00877,1,10.263322
QR-00877,2,5.810972
QR-00878,1,10.549738
QR-00879,1,5.353333
QR-00879,2,4.977778
QR-00881,1,15.443999999999999
QR-00883,1,2.704167
QR-00884,1,1.681682
QR-00885,1,4.838889
QR-00886,1,3.4848
QR-00886,2,3.3320000000000003
QR-00886,3,3.7536
QR-00886,4,3.7168
QR-00888,1,78.50784200000001
QR-00889,1,82.437595
QR-00890,1,9.145946
QR-00891,1,21.827715
QR-00892,1,69.87280700000001
QR-00894,1,3.226619
QR-00895,1,1.3599999999999999
QR-00895,2,1.3333329999999999
QR-00895,3,1.306667
QR-00895,4,1.3333329999999999
QR-00895,5,1.280533
QR-00895,6,1.3328
QR-00895,7,1.3328
QR-00895,8,1.3328
QR-00895,9,1.3328
QR-00895,10,1.3599999999999999
QR-00895,11,1.3599999999999999
QR-00895,12,1.3599999999999999
QR-00895,13,1.3599999999999999
QR-00895,14,1.3599999999999999
QR-00895,15,0.529067
QR-00895,16,0.529067
QR-00896,1,23.253543
QR-00897,1,1.466667
QR-00897,2,1.385067
QR-00898,1,1.657321
QR-00899,1,46.952663
QR-00900,1,97.02159999999999
QR-00901,1,80.164954
QR-00902,1,7.00894
QR-00902,2,7.857599
QR-00902,3,5.197957000000001
QR-00903,1,23.473473
QR-00904,1,10.5624
QR-00905,1,1.988222
QR-00905,2,2.463504
QR-00906,1,10.275862
QR-00907,1,14.966245
QR-00908,1,14.737753000000001
QR-00909,1,12.636220000000002
QR-00910,1,5.375691
QR-00911,1,1.0827339999999999
QR-00911,2,1.0827339999999999
QR-00912,1,15.617716000000001
QR-00913,1,13.40805
QR-00914,1,9.478436
QR-00916,1,3.825826
QR-00917,1,2.534979
QR-00917,2,2.503704
QR-00917,3,2.503704
QR-00919,1,17.875
QR-00920,1,9.133827
QR-00921,1,4.505927
QR-00923,1,2.8095809999999997
QR-00924,1,5.129412
QR-00925,1,10.754693999999999
QR-00927,1,39.494263000000004
QR-00928,1,9.529041000000001
QR-00929,1,20.807808
QR-00929,2,1.6720720000000002
QR-00930,1,12.477361
QR-00931,1,5.885886
QR-00931,2,5.885886
QR-00932,1,10.844901
QR-00933,1,11.233933
QR-00935,1,4.727195
QR-00935,2,11.850815
QR-00936,1,4.515000000000001
QR-00937,1,59.710744000000005
QR-00938,1,6.784772
QR-00939,1,1.03762
QR-00941,1,10.427252
QR-00942,1,5.684678
QR-00942,2,5.684678
QR-00943,1,10.730469
QR-00944,1,4.617241
QR-00944,2,3.490948
QR-00945,1,13.556104
QR-00946,1,4.3358229999999995
QR-00947,1,2.06879
QR-00948,1,3.498233
QR-00949,1,2.326454
QR-00950,1,3.8446670000000003
QR-00951,1,1.328932
QR-00953,1,0.532508
QR-00954,1,13.537189999999999
QR-00954,2,8.126033000000001
QR-00955,1,6.32374
QR-00956,1,19.555556
QR-00957,1,2.3018259999999997
QR-00957,2,2.5342469999999997
QR-00957,3,1.869863
QR-00958,1,8.594444
QR-00958,2,7.933332999999999
QR-00959,1,39.360961
QR-00960,1,8.801961
QR-00961,1,1.850794
QR-00962,1,3.753666
QR-00963,1,0.9725400000000001
QR-00963,2,2.659039
QR-00964,1,4.327616
QR-00964,2,4.327616
QR-00964,3,2.566038
QR-00964,4,2.451687
QR-00964,5,3.1732419999999997
QR-00964,6,3.345912
QR-00964,7,3.938822
QR-00964,8,3.938822
QR-00965,1,10.304
QR-00966,1,9.168800000000001
QR-00966,2,5.9328
QR-00968,1,5.207758
QR-00969,1,1.3261260000000001
QR-00971,1,3.2
QR-00972,1,0.889259
QR-00973,1,17.959524
QR-00974,1,3.1304350000000003
QR-00977,1,3.0622219999999998
QR-00979,1,6.3936969999999995
QR-00980,1,0.9995999999999999
QR-00982,1,3.82963
QR-00983,1,9.7848
QR-00983,2,9.344
QR-00984,1,3.216216
QR-00985,1,10.673077000000001
QR-00986,1,0.9791040000000001
QR-00987,1,3.550078
QR-00987,2,3.550078
QR-00987,3,3.550078
QR-00987,4,3.550078
QR-00987,5,3.550078
QR-00987,6,3.550078
QR-00987,7,3.550078
QR-00988,1,6.153116
QR-00989,1,21.427848
QR-00991,1,2.118328
QR-00992,1,5.041018
QR-00993,1,30.645160999999998
QR-00994,1,9.633758
QR-00995,1,9.633758
QR-00996,1,12.652125999999999
QR-00997,1,19.268121999999998
QR-00998,1,11.943318
QR-00999,1,27.983999999999998
QR-01001,1,3.1315790000000003
QR-01001,2,1.261134
QR-01002,1,16.296295999999998
QR-01003,1,1.812998
QR-01005,1,19.676677
QR-01006,1,5.40601
QR-01007,1,9.758002000000001
QR-01008,1,4.8713239999999995
QR-01009,1,3.629167
QR-01009,2,1.7633329999999998
QR-01010,1,4.5408
QR-01011,1,26.948143
QR-01012,1,2.080844
QR-01012,2,1.1219679999999999
QR-01013,1,77.792
QR-01014,1,3.4466910000000004
QR-01014,2,3.4466910000000004
QR-01014,3,4.086669
QR-01014,4,4.086669
QR-01014,5,4.086669
QR-01015,1,19.211135
QR-01016,1,13.133087
QR-01017,1,5.88
QR-01017,2,5.88
QR-01018,1,2.1024000000000003
QR-01018,2,1.872
QR-01018,3,1.4976
QR-01019,1,1.971772
QR-01020,1,5.950832999999999
QR-01020,2,1.496252
QR-01021,1,7.204575
QR-01021,2,3.756536
QR-01021,3,4.247059
QR-01021,4,2.181046
QR-01022,1,15.123724
QR-01023,1,19.547755
QR-01023,2,1.4310079999999998
QR-01023,3,1.4310079999999998
QR-01023,4,1.4310079999999998
QR-01023,5,1.4310079999999998
QR-01023,6,0.9039389999999999
QR-01023,7,0.583187
QR-01024,1,0.5331210000000001
QR-01024,2,1.402949
QR-01024,3,1.402949
QR-01024,4,1.402949
QR-01024,5,1.402949
QR-01024,6,0.8296649999999999
QR-01024,7,19.341989
QR-01025,1,9.823009
QR-01025,2,5.6047199999999995
QR-01025,3,11.399705
QR-01025,4,10.79646
QR-01025,5,6.566371999999999
QR-01025,6,4.4056049999999995
QR-01025,7,4.461652
QR-01025,8,3.629794
QR-01025,9,1.957965
QR-01026,1,2.126126
QR-01027,1,8.4672
QR-01028,1,73.584
QR-01029,1,1.198217
QR-01030,1,9.694215
QR-01031,1,1.9937500000000001
QR-01032,1,5.4212549999999995
QR-01033,1,2.874783
QR-01035,1,11.04
QR-01036,1,21.1596
QR-01037,1,36.902128
QR-01038,1,6.8096000000000005
QR-01038,2,6.9696
QR-01039,1,11.744792
QR-01040,1,6.273913
QR-01042,1,2.550521
QR-01042,2,2.680208
QR-01042,3,2.809375
QR-01042,4,2.333333
QR-01042,5,2.180729
QR-01042,6,3.013021
QR-01042,7,1.748958
QR-01042,8,1.786979
QR-01042,9,2.1125000000000003
QR-01042,10,2.291667
QR-01042,11,2.3625
QR-01042,12,2.5375
QR-01042,13,1.272917
QR-01042,14,2.4916669999999996
QR-01043,1,5.1173969999999995
QR-01044,1,99.28699
QR-01045,1,24.384115
QR-01046,1,51.220312
QR-01049,1,2.988701
QR-01050,1,7.28
QR-01051,1,55.637229
QR-01052,1,55.637229
QR-01053,1,49.389068
QR-01054,1,1.92
QR-01054,2,2.3935999999999997
QR-01055,1,2.3935999999999997
QR-01055,2,1.8565330000000002
QR-01056,1,1.084685
QR-01056,2,1.110511
QR-01057,1,1.3753579999999999
QR-01058,1,4.8500000000000005
QR-01059,1,23.5216
QR-01062,1,3.530372
QR-01063,1,11.282709
QR-01064,1,11.282709
QR-01065,1,16.683333
QR-01066,1,16.979472
QR-01067,1,16.979472
QR-01068,1,4.475141
QR-01069,1,4.475141
QR-01070,1,79.596429
QR-01071,1,5.452252
QR-01072,1,6.262626
QR-01073,1,11.952306
QR-01074,1,14.299718
QR-01076,1,6.7
QR-01077,1,3.5407189999999997
QR-01078,1,11.025865999999999
QR-01079,1,3.239362
QR-01079,2,3.2907800000000003
QR-01080,1,3.225092
QR-01081,1,12.724926
QR-01082,1,26.916406
QR-01083,1,17.083333
QR-01084,1,1.644444
QR-01084,2,1.322222
QR-01084,3,2.151111
QR-01085,1,4.906667
QR-01086,1,4.906667
QR-01087,1,1.227216
QR-01087,2,0.8536079999999999
QR-01088,1,1.664
QR-01088,2,1.464
QR-01088,3,1.464
QR-01088,4,1.1448
QR-01088,5,0.9408
QR-01089,1,5.987696
QR-01089,2,2.751678
QR-01089,3,3.062081
QR-01089,4,3.5838929999999998
QR-01090,1,9.148125
QR-01092,1,83.1
QR-01093,1,9.2224
QR-01094,1,4.0607999999999995
QR-01095,1,6.9125000000000005
QR-01096,1,58.11405200000001
QR-01097,1,3.924841
QR-01098,1,4.465067
QR-01099,1,2.176
QR-01099,2,1.025067
QR-01101,1,12.324277
QR-01102,1,12.04
QR-01103,1,12.15
QR-01104,1,2.842133
QR-01105,1,5.5596
QR-01106,1,6.106133
QR-01107,1,12.890625
QR-01108,1,3.307621
QR-01108,2,3.7297919999999998
QR-01108,3,5.084988
QR-01109,1,34.128105
QR-01110,1,5.2213330000000004
QR-01111,1,10.369942
QR-01112,1,16.93132
